Benchmark,Size_Before,Size_After,Haploid_Time,Z3_Time_Before,Z3_Time_After,Z3_Speedup,Z3_Speedup_with_Haploid,Result_Before,Result_After
/useful_subset/bench_13073.smt2,706380,693099,1.0429052151739597,51.92839771043509,7.449544358998537,6.970681052151755,6.114654818600438,sat,sat
/useful_subset/bench_857.smt2,71479,69643,0.3057837700471282,252.20361937303096,230.07010184321553,1.0962033630293198,1.0947483444357151,unsat,unsat
/useful_subset/bench_873.smt2,162023,159579,0.3271486200392246,6.483840837143362,7.568073051981628,0.8567360268074619,0.821236072461505,unsat,unsat
/useful_subset/simple_processors_006_005_0032.smt2,14383,14083,0.13202578574419022,115.19075531046838,486.39005621057004,0.23682794053791162,0.23676367337287896,unsat,unsat
